<?xml version="1.0" ?>
<LOG_ROOT>
	<PROJECT NAME="afalina_tvk">
		<CBX_INST_ENTRY INSTANCE_NAME="|afalina_tvk|AduC842:AduC|MUX8:inst60|lpm_mux:2" CBX_FILE_NAME="mux_dqc.tdf"/>
		<CBX_INST_ENTRY INSTANCE_NAME="|afalina_tvk|AduC842:AduC|Three_ctrl_k:inst6|LPM_DECODE:inst15" CBX_FILE_NAME="decode_fdf.tdf"/>
		<CBX_INST_ENTRY INSTANCE_NAME="|afalina_tvk|AduC842:AduC|me_108_rs485_top_all:inst4|tr_me_108_string:78|BUSMUX:15|lpm_mux:$00000" CBX_FILE_NAME="mux_5qc.tdf"/>
		<CBX_INST_ENTRY INSTANCE_NAME="|afalina_tvk|AduC842:AduC|me_108_rs485_top_all:inst4|tr_me_108_string:78|LPM_CONSTANT:121" CBX_FILE_NAME="lpm_constant_mb4.tdf"/>
		<CBX_INST_ENTRY INSTANCE_NAME="|afalina_tvk|sld_signaltap:auto_signaltap_0|sld_signaltap_impl:sld_signaltap_body|sld_offload_buffer_mgr:\stp_non_zero_depth_offload_gen:stp_offload_buff_mgr_inst|lpm_counter:\adv_point_3_and_more:advance_pointer_counter" CBX_FILE_NAME="cntr_3di.tdf"/>
		<CBX_INST_ENTRY INSTANCE_NAME="|afalina_tvk|AduC842:AduC|me_108_rs485_top_all:inst4|me_108_rec_string:77|LPM_COMPARE:50" CBX_FILE_NAME="cmpr_tnd.tdf"/>
		<CBX_INST_ENTRY INSTANCE_NAME="|afalina_tvk|AduC842:AduC|me_108_rs485_top_all:inst4|tr_me_108_string:78|LPM_COMPARE:62" CBX_FILE_NAME="cmpr_tnd.tdf"/>
		<CBX_INST_ENTRY INSTANCE_NAME="|afalina_tvk|AduC842:AduC|lpm_counter0:inst5|LPM_COUNTER:lpm_counter_component" CBX_FILE_NAME="cntr_5oh.tdf"/>
		<CBX_INST_ENTRY INSTANCE_NAME="|afalina_tvk|AduC842:AduC|me_108_rs485_top_all:inst4|rec_byte_me_108:90|mod5_bin:49|LPM_ADD_SUB:3" CBX_FILE_NAME="add_sub_pbc.tdf"/>
		<CBX_INST_ENTRY INSTANCE_NAME="|afalina_tvk|AduC842:AduC|mpu_reset:inst1|LPM_COUNTER:2" CBX_FILE_NAME="cntr_bei.tdf"/>
		<CBX_INST_ENTRY INSTANCE_NAME="|afalina_tvk|AduC842:AduC|me_108_rs485_top_all:inst4|me_108_rec_string:77|BUSMUX:114|lpm_mux:$00000" CBX_FILE_NAME="mux_5qc.tdf"/>
		<CBX_INST_ENTRY INSTANCE_NAME="|afalina_tvk|AduC842:AduC|me_108_rs485_top_all:inst4|me_108_rec_string:77|LPM_COMPARE:70" CBX_FILE_NAME="cmpr_tnd.tdf"/>
		<CBX_INST_ENTRY INSTANCE_NAME="|afalina_tvk|AduC842:AduC|me_108_rs485_top_all:inst4|rs_ports_me_108:124|LPM_DECODE:23" CBX_FILE_NAME="decode_cuf.tdf"/>
		<CBX_INST_ENTRY INSTANCE_NAME="|afalina_tvk|sld_signaltap:auto_signaltap_0|sld_signaltap_impl:sld_signaltap_body|sld_offload_buffer_mgr:\stp_non_zero_depth_offload_gen:stp_offload_buff_mgr_inst|lpm_counter:status_advance_pointer_counter" CBX_FILE_NAME="cntr_lei.tdf"/>
		<CBX_INST_ENTRY INSTANCE_NAME="|afalina_tvk|AduC842:AduC|LPM_CONSTANT:inst131" CBX_FILE_NAME="lpm_constant_g84.tdf"/>
		<CBX_INST_ENTRY INSTANCE_NAME="|afalina_tvk|AduC842:AduC|me_108_rs485_top_all:inst4|LPM_COUNTER:39" CBX_FILE_NAME="cntr_b8j.tdf"/>
		<CBX_INST_ENTRY INSTANCE_NAME="|afalina_tvk|AduC842:AduC|me_108_rs485_top_all:inst4|rs_ports_me_108:124|LPM_DECODE:24" CBX_FILE_NAME="decode_7uf.tdf"/>
		<CBX_INST_ENTRY INSTANCE_NAME="|afalina_tvk|AduC842:AduC|me_108_rs485_top_all:inst4|rec_byte_me_108:90|LPM_COUNTER:26" CBX_FILE_NAME="cntr_97k.tdf"/>
		<CBX_INST_ENTRY INSTANCE_NAME="|afalina_tvk|AduC842:AduC|me_108_rs485_top_all:inst4|rs485_rec_string:inst5|RAM2PORTRX:RAM2|altsyncram:altsyncram_component" CBX_FILE_NAME="altsyncram_mqe1.tdf"/>
		<CBX_INST_ENTRY INSTANCE_NAME="|afalina_tvk|AduC842:AduC|me_108_rs485_top_all:inst4|tr_me_108_string:78|LPM_CONSTANT:63" CBX_FILE_NAME="lpm_constant_374.tdf"/>
		<CBX_INST_ENTRY INSTANCE_NAME="|afalina_tvk|AduC842:AduC|me_108_rs485_top_all:inst4|tr_me_108_string:78|RAM2PORT:inst2|altsyncram:altsyncram_component" CBX_FILE_NAME="altsyncram_9vl1.tdf"/>
		<CBX_INST_ENTRY INSTANCE_NAME="|afalina_tvk|AduC842:AduC|MUX8:inst58|lpm_mux:2" CBX_FILE_NAME="mux_dqc.tdf"/>
		<CBX_INST_ENTRY INSTANCE_NAME="|afalina_tvk|AduC842:AduC|dsp_ctrl:inst9|LPM_FF:inst1|LPM_CONSTANT:ac" CBX_FILE_NAME="lpm_constant_m84.tdf"/>
		<CBX_INST_ENTRY INSTANCE_NAME="|afalina_tvk|AduC842:AduC|me_108_rs485_top_all:inst4|BUSMUX:132|lpm_mux:$00000" CBX_FILE_NAME="mux_5qc.tdf"/>
		<CBX_INST_ENTRY INSTANCE_NAME="|afalina_tvk|AduC842:AduC|me_108_rs485_top_all:inst4|me_108_rec_string:77|LPM_ADD_SUB:69" CBX_FILE_NAME="add_sub_jga.tdf"/>
		<CBX_INST_ENTRY INSTANCE_NAME="|afalina_tvk|AduC842:AduC|me_108_rs485_top_all:inst4|me_108_rs_flags0:130|LPM_COUNTER:55" CBX_FILE_NAME="cntr_h7l.tdf"/>
		<CBX_INST_ENTRY INSTANCE_NAME="|afalina_tvk|AduC842:AduC|port_aduc_afalina:inst8|LPM_DECODE:3" CBX_FILE_NAME="decode_kbf.tdf"/>
		<CBX_INST_ENTRY INSTANCE_NAME="|afalina_tvk|AduC842:AduC|Three_ctrl_k:inst6|m_filter:50|LPM_ADD_SUB:1" CBX_FILE_NAME="add_sub_o1d.tdf"/>
		<CBX_INST_ENTRY INSTANCE_NAME="|afalina_tvk|AduC842:AduC|me_108_rs485_top_all:inst4|BUSMUX:133|lpm_mux:$00000" CBX_FILE_NAME="mux_5qc.tdf"/>
		<CBX_INST_ENTRY INSTANCE_NAME="|afalina_tvk|AduC842:AduC|me_108_rs485_top_all:inst4|me_108_rec_string:77|LPM_CONSTANT:71" CBX_FILE_NAME="lpm_constant_474.tdf"/>
		<CBX_INST_ENTRY INSTANCE_NAME="|afalina_tvk|AduC842:AduC|me_108_rs485_top_all:inst4|me_108_rs_flags0:130|LPM_COUNTER:83" CBX_FILE_NAME="cntr_mkj.tdf"/>
		<CBX_INST_ENTRY INSTANCE_NAME="|afalina_tvk|AduC842:AduC|me_108_rs485_top_all:inst4|rs_ports_me_108:124|LPM_DECODE:27" CBX_FILE_NAME="decode_7uf.tdf"/>
		<CBX_INST_ENTRY INSTANCE_NAME="|afalina_tvk|AduC842:AduC|me_108_rs485_top_all:inst4|tr_me_108_string:78|LPM_CONSTANT:74" CBX_FILE_NAME="lpm_constant_nl3.tdf"/>
		<CBX_INST_ENTRY INSTANCE_NAME="|afalina_tvk|AduC842:AduC|me_108_rs485_top_all:inst4|tr_me_108_string:78|LPM_COUNTER:122" CBX_FILE_NAME="cntr_mci.tdf"/>
		<CBX_INST_ENTRY INSTANCE_NAME="|afalina_tvk|AduC842:AduC|port_aduc_afalina:inst8|LPM_DECODE:31" CBX_FILE_NAME="decode_cuf.tdf"/>
		<CBX_INST_ENTRY INSTANCE_NAME="|afalina_tvk|AduC842:AduC|port_aduc_afalina:inst8|LPM_DECODE:4" CBX_FILE_NAME="decode_fdf.tdf"/>
		<CBX_INST_ENTRY INSTANCE_NAME="|afalina_tvk|AduC842:AduC|Three_ctrl_k:inst6|m_filter:42|LPM_ADD_SUB:1" CBX_FILE_NAME="add_sub_o1d.tdf"/>
		<CBX_INST_ENTRY INSTANCE_NAME="|afalina_tvk|AduC842:AduC|Three_ctrl_k:inst6|m_filter:51|LPM_ADD_SUB:1" CBX_FILE_NAME="add_sub_o1d.tdf"/>
		<CBX_INST_ENTRY INSTANCE_NAME="|afalina_tvk|AduC842:AduC|dsp_ctrl:inst9|LPM_FF:inst3|LPM_CONSTANT:ac" CBX_FILE_NAME="lpm_constant_p84.tdf"/>
		<CBX_INST_ENTRY INSTANCE_NAME="|afalina_tvk|AduC842:AduC|me_108_rs485_top_all:inst4|BUSMUX:125|lpm_mux:$00000" CBX_FILE_NAME="mux_5qc.tdf"/>
		<CBX_INST_ENTRY INSTANCE_NAME="|afalina_tvk|AduC842:AduC|me_108_rs485_top_all:inst4|BUSMUX:134|lpm_mux:$00000" CBX_FILE_NAME="mux_5qc.tdf"/>
		<CBX_INST_ENTRY INSTANCE_NAME="|afalina_tvk|AduC842:AduC|me_108_rs485_top_all:inst4|me_108_rs_flags0:130|LPM_COUNTER:75" CBX_FILE_NAME="cntr_jqi.tdf"/>
		<CBX_INST_ENTRY INSTANCE_NAME="|afalina_tvk|AduC842:AduC|port_aduc_afalina:inst8|LPM_COUNTER:144" CBX_FILE_NAME="cntr_odj.tdf"/>
		<CBX_INST_ENTRY INSTANCE_NAME="|afalina_tvk|sld_signaltap:auto_signaltap_0|sld_signaltap_impl:sld_signaltap_body|altdpram:\stp_non_zero_ram_gen:attribute_mem|lpm_decode:wdecoder" CBX_FILE_NAME="decode_4uf.tdf"/>
		<CBX_INST_ENTRY INSTANCE_NAME="|afalina_tvk|AduC842:AduC|Three_ctrl_k:inst6|m_filter:43|LPM_ADD_SUB:1" CBX_FILE_NAME="add_sub_o1d.tdf"/>
		<CBX_INST_ENTRY INSTANCE_NAME="|afalina_tvk|AduC842:AduC|Three_ctrl_k:inst6|m_filter:52|LPM_ADD_SUB:1" CBX_FILE_NAME="add_sub_o1d.tdf"/>
		<CBX_INST_ENTRY INSTANCE_NAME="|afalina_tvk|AduC842:AduC|dsp_ctrl:inst9|LPM_DECODE:24" CBX_FILE_NAME="decode_cuf.tdf"/>
		<CBX_INST_ENTRY INSTANCE_NAME="|afalina_tvk|AduC842:AduC|me_108_rs485_top_all:inst4|BUSMUX:135|lpm_mux:$00000" CBX_FILE_NAME="mux_5qc.tdf"/>
		<CBX_INST_ENTRY INSTANCE_NAME="|afalina_tvk|AduC842:AduC|me_108_rs485_top_all:inst4|LPM_CONSTANT:142" CBX_FILE_NAME="lpm_constant_6h3.tdf"/>
		<CBX_INST_ENTRY INSTANCE_NAME="|afalina_tvk|AduC842:AduC|me_108_rs485_top_all:inst4|me_108_rec_string:77|LPM_COUNTER:121" CBX_FILE_NAME="cntr_sfj.tdf"/>
		<CBX_INST_ENTRY INSTANCE_NAME="|afalina_tvk|AduC842:AduC|me_108_rs485_top_all:inst4|rec_byte_me_108:90|LPM_COUNTER:66" CBX_FILE_NAME="cntr_oah.tdf"/>
		<CBX_INST_ENTRY INSTANCE_NAME="|afalina_tvk|sld_hub:sld_hub_inst|lpm_decode:instruction_decoder" CBX_FILE_NAME="decode_jri.tdf"/>
		<CBX_INST_ENTRY INSTANCE_NAME="|afalina_tvk|AduC842:AduC|Three_ctrl_k:inst6|m_filter:44|LPM_ADD_SUB:1" CBX_FILE_NAME="add_sub_o1d.tdf"/>
		<CBX_INST_ENTRY INSTANCE_NAME="|afalina_tvk|AduC842:AduC|me_108_rs485_top_all:inst4|BUSMUX:136|lpm_mux:$00000" CBX_FILE_NAME="mux_5qc.tdf"/>
		<CBX_INST_ENTRY INSTANCE_NAME="|afalina_tvk|AduC842:AduC|me_108_rs485_top_all:inst4|LPM_CONSTANT:143" CBX_FILE_NAME="lpm_constant_ah3.tdf"/>
		<CBX_INST_ENTRY INSTANCE_NAME="|afalina_tvk|AduC842:AduC|me_108_rs485_top_all:inst4|me_108_rec_string:77|LPM_CONSTANT:47" CBX_FILE_NAME="lpm_constant_8a4.tdf"/>
		<CBX_INST_ENTRY INSTANCE_NAME="|afalina_tvk|AduC842:AduC|me_108_rs485_top_all:inst4|me_108_rs_flags0:130|LPM_COUNTER:59" CBX_FILE_NAME="cntr_35k.tdf"/>
		<CBX_INST_ENTRY INSTANCE_NAME="|afalina_tvk|AduC842:AduC|me_108_rs485_top_all:inst4|tr_me_108_string:78|LPM_COUNTER:17" CBX_FILE_NAME="cntr_muh.tdf"/>
		<CBX_INST_ENTRY INSTANCE_NAME="|afalina_tvk|sld_signaltap:auto_signaltap_0|sld_signaltap_impl:sld_signaltap_body|sld_offload_buffer_mgr:\stp_non_zero_depth_offload_gen:stp_offload_buff_mgr_inst|lpm_counter:read_pointer_counter" CBX_FILE_NAME="cntr_r7j.tdf"/>
		<CBX_INST_ENTRY INSTANCE_NAME="|afalina_tvk|ADC_REC:ADC|RAM_ADC:RAM_1|altsyncram:altsyncram_component" CBX_FILE_NAME="altsyncram_tmj1.tdf"/>
		<CBX_INST_ENTRY INSTANCE_NAME="|afalina_tvk|AduC842:AduC|Three_ctrl_k:inst6|LPM_CONSTANT:inst57" CBX_FILE_NAME="lpm_constant_g84.tdf"/>
		<CBX_INST_ENTRY INSTANCE_NAME="|afalina_tvk|AduC842:AduC|Three_ctrl_k:inst6|m_filter:45|LPM_ADD_SUB:1" CBX_FILE_NAME="add_sub_o1d.tdf"/>
		<CBX_INST_ENTRY INSTANCE_NAME="|afalina_tvk|AduC842:AduC|me_108_rs485_top_all:inst4|LPM_CONSTANT:144" CBX_FILE_NAME="lpm_constant_9h3.tdf"/>
		<CBX_INST_ENTRY INSTANCE_NAME="|afalina_tvk|sld_signaltap:auto_signaltap_0|sld_signaltap_impl:sld_signaltap_body|altdpram:\stp_non_zero_ram_gen:attribute_mem|lpm_mux:mux" CBX_FILE_NAME="mux_krc.tdf"/>
		<CBX_INST_ENTRY INSTANCE_NAME="|afalina_tvk|AduC842:AduC|me_108_rs485_top_all:inst4|me_108_rs_flags0:130|LPM_COUNTER:79" CBX_FILE_NAME="cntr_jqi.tdf"/>
		<CBX_INST_ENTRY INSTANCE_NAME="|afalina_tvk|AduC842:AduC|me_108_rs485_top_all:inst4|tr_me_108_string:78|BUSMUX:101|lpm_mux:$00000" CBX_FILE_NAME="mux_5qc.tdf"/>
		<CBX_INST_ENTRY INSTANCE_NAME="|afalina_tvk|AduC842:AduC|me_108_rs485_top_all:inst4|tr_me_108_string:78|LPM_COMPARE:120" CBX_FILE_NAME="cmpr_tnd.tdf"/>
		<CBX_INST_ENTRY INSTANCE_NAME="|afalina_tvk|AduC842:AduC|me_108_rs485_top_all:inst4|tr_me_108_string:78|LPM_COUNTER:19" CBX_FILE_NAME="cntr_sfj.tdf"/>
		<CBX_INST_ENTRY INSTANCE_NAME="|afalina_tvk|AduC842:AduC|Three_ctrl_k:inst6|BUSMUX:inst|lpm_mux:$00000" CBX_FILE_NAME="mux_5qc.tdf"/>
		<CBX_INST_ENTRY INSTANCE_NAME="|afalina_tvk|AduC842:AduC|Three_ctrl_k:inst6|m_filter:47|LPM_ADD_SUB:1" CBX_FILE_NAME="add_sub_o1d.tdf"/>
		<CBX_INST_ENTRY INSTANCE_NAME="|afalina_tvk|sld_signaltap:auto_signaltap_0|sld_signaltap_impl:sld_signaltap_body|sld_offload_buffer_mgr:\stp_non_zero_depth_offload_gen:stp_offload_buff_mgr_inst|lpm_counter:status_read_pointer_counter" CBX_FILE_NAME="cntr_71j.tdf"/>
		<CBX_INST_ENTRY INSTANCE_NAME="|afalina_tvk|AduC842:AduC|MUX32:inst26|lpm_mux:2" CBX_FILE_NAME="mux_src.tdf"/>
		<CBX_INST_ENTRY INSTANCE_NAME="|afalina_tvk|AduC842:AduC|Three_ctrl_k:inst6|LPM_DECODE:inst5" CBX_FILE_NAME="decode_fdf.tdf"/>
		<CBX_INST_ENTRY INSTANCE_NAME="|afalina_tvk|AduC842:AduC|me_108_rs485_top_all:inst4|tr_me_108_string:78|LPM_COUNTER:75" CBX_FILE_NAME="cntr_uak.tdf"/>
		<CBX_INST_ENTRY INSTANCE_NAME="|afalina_tvk|AduC842:AduC|dsp_ctrl:inst9|mux8_8:inst5|lpm_mux:lpm_mux_component" CBX_FILE_NAME="mux_dqc.tdf"/>
		<CBX_INST_ENTRY INSTANCE_NAME="|afalina_tvk|sld_signaltap:auto_signaltap_0|sld_signaltap_impl:sld_signaltap_body|altsyncram:\stp_non_zero_ram_gen:stp_buffer_ram" CBX_FILE_NAME="altsyncram_p7p3.tdf"/>
		<CBX_INST_ENTRY INSTANCE_NAME="|afalina_tvk|AduC842:AduC|Three_ctrl_k:inst6|LPM_COUNTER:144" CBX_FILE_NAME="cntr_sij.tdf"/>
		<CBX_INST_ENTRY INSTANCE_NAME="|afalina_tvk|AduC842:AduC|Three_ctrl_k:inst6|LPM_FF:296|LPM_CONSTANT:ac" CBX_FILE_NAME="lpm_constant_574.tdf"/>
		<CBX_INST_ENTRY INSTANCE_NAME="|afalina_tvk|AduC842:AduC|me_108_rs485_top_all:inst4|me_108_rec_string:77|RAM2PORTRX:inst|altsyncram:altsyncram_component" CBX_FILE_NAME="altsyncram_mqe1.tdf"/>
		<CBX_INST_ENTRY INSTANCE_NAME="|afalina_tvk|AduC842:AduC|me_108_rs485_top_all:inst4|rec_byte_me_108:90|LPM_CONSTANT:27" CBX_FILE_NAME="lpm_constant_974.tdf"/>
		<CBX_INST_ENTRY INSTANCE_NAME="|afalina_tvk|AduC842:AduC|me_108_rs485_top_all:inst4|tr_me_108_string:78|LPM_COMPARE:53" CBX_FILE_NAME="cmpr_tnd.tdf"/>
		<CBX_INST_ENTRY INSTANCE_NAME="|afalina_tvk|AduC842:AduC|Three_ctrl_k:inst6|LPM_FF:298|LPM_CONSTANT:ac" CBX_FILE_NAME="lpm_constant_u64.tdf"/>
		<CBX_INST_ENTRY INSTANCE_NAME="|afalina_tvk|AduC842:AduC|me_108_rs485_top_all:inst4|me_108_rec_string:77|LPM_COMPARE:123" CBX_FILE_NAME="cmpr_c5e.tdf"/>
		<CBX_INST_ENTRY INSTANCE_NAME="|afalina_tvk|AduC842:AduC|me_108_rs485_top_all:inst4|rec_byte_me_108:90|LPM_COUNTER:25" CBX_FILE_NAME="cntr_2kk.tdf"/>
		<CBX_INST_ENTRY INSTANCE_NAME="|afalina_tvk|AduC842:AduC|me_108_rs485_top_all:inst4|tr_me_108_string:78|LPM_COUNTER:20" CBX_FILE_NAME="cntr_ekj.tdf"/>
	</PROJECT>
</LOG_ROOT>
